{
  "coordinate": 0.30018499753408445,
  "corrigible": 0.6375889815017299,
  "hallucination": 0.8131754888307976,
  "myopic": 0.7478108216463296,
  "refusal": 0.7437384114519316,
  "survival": 0.3464255074574962,
  "sycophancy": 0.6949252623323582
}