{
  "coordinate": {
    "10": {
      "-1": 0.30048909743334073,
      "1": 0.30164265606220025
    },
    "11": {
      "-1": 0.3192171496941527,
      "1": 0.3221235743235753
    },
    "12": {
      "-1": 0.3042741607456423,
      "1": 0.30854162950851893
    },
    "13": {
      "-1": 0.29902756422541954,
      "1": 0.3116159373614485
    },
    "14": {
      "-1": 0.3059176837139023,
      "1": 0.3061002046185117
    },
    "15": {
      "-1": 0.30611298612079646,
      "1": 0.30185411324718175
    },
    "16": {
      "-1": 0.30202219798182556,
      "1": 0.3016840416408418
    },
    "17": {
      "-1": 0.3016332290448348,
      "1": 0.30089773412811005
    },
    "18": {
      "-1": 0.30044990458757276,
      "1": 0.3009075864691183
    },
    "19": {
      "-1": 0.3003959493124737,
      "1": 0.30009081502975965
    }
  },
  "corrigible": {},
  "myopic": {},
  "refusal": {},
  "survival": {}
}