{
  "coordinate": {
    "-1": 0.13841381114726806,
    "-0.5": 0.18301618555018073,
    "0": 0.3001849975340844,
    "0.5": 0.4487581862599301,
    "1": 0.5729107667482228
  },
  "corrigible": {
    "-1": 0.18033710175949708,
    "-0.5": 0.3790669002486106,
    "0": 0.6375889815017298,
    "0.5": 0.7876603672016099,
    "1": 0.8549494149847718
  },
  "myopic": {
    "-1": 0.41452952376796726,
    "-0.5": 0.564561664210051,
    "0": 0.7478108216463297,
    "0.5": 0.8240349464301941,
    "1": 0.7641770335110932
  },
  "refusal": {
    "-1": 0.5098640382487653,
    "-0.5": 0.6090267393461815,
    "0": 0.7437384114519316,
    "0.5": 0.8184600748953228,
    "1": 0.8728307867026867
  },
  "survival": {
    "-1": 0.23372579740433333,
    "-0.5": 0.25772577236754457,
    "0": 0.3464255074574962,
    "0.5": 0.4673207288536312,
    "1": 0.5442489284749299
  }
}