{
  "coordinate": {
    "6": {
      "-1": 0.3029712868127667,
      "1": 0.2974511281863047
    },
    "7": {
      "-1": 0.30432949289402894,
      "1": 0.29610958268617266
    },
    "8": {
      "-1": 0.3076250784795603,
      "1": 0.2925898983598833
    },
    "9": {
      "-1": 0.2924202708383422,
      "1": 0.3073738554846141
    },
    "10": {
      "-1": 0.2745260961556961,
      "1": 0.34653930707092423
    },
    "11": {
      "-1": 0.5118119891978692,
      "1": 0.5716292927200196
    },
    "12": {
      "-1": 0.3121545809416626,
      "1": 0.6509338817770653
    },
    "13": {
      "-1": 0.15161123828796041,
      "1": 0.7511274324643518
    },
    "14": {
      "-1": 0.30557350444893566,
      "1": 0.48303503717608826
    },
    "15": {
      "-1": 0.2785215330667208,
      "1": 0.40475289197587094
    },
    "16": {
      "-1": 0.2753887035442048,
      "1": 0.3778676788201072
    },
    "17": {
      "-1": 0.26004019177683924,
      "1": 0.3775719312693084
    },
    "18": {
      "-1": 0.26740632018062227,
      "1": 0.32714036385424955
    },
    "19": {
      "-1": 0.2663217780235633,
      "1": 0.33260191534870037
    }
  },
  "corrigible": {
    "6": {
      "-1": 0.6371739969031069,
      "1": 0.6379995124454559
    },
    "7": {
      "-1": 0.6401091407717431,
      "1": 0.6352110574142487
    },
    "8": {
      "-1": 0.6333788324942015,
      "1": 0.6395558258483759
    },
    "9": {
      "-1": 0.6019311206893238,
      "1": 0.6626494836329975
    },
    "10": {
      "-1": 0.5339860683557973,
      "1": 0.6855064070076002
    },
    "11": {
      "-1": 0.3897204106575295,
      "1": 0.8150907138078354
    },
    "12": {
      "-1": 0.3822962310308312,
      "1": 0.8660787344625557
    },
    "13": {
      "-1": 0.19171495838971261,
      "1": 0.907138480701512
    },
    "14": {
      "-1": 0.43224460153608385,
      "1": 0.8160305038327162
    },
    "15": {
      "-1": 0.4958883355837104,
      "1": 0.733679672682788
    },
    "16": {
      "-1": 0.5500833056986328,
      "1": 0.6821365928908962
    },
    "17": {
      "-1": 0.5566134579649245,
      "1": 0.6811790845386209
    },
    "18": {
      "-1": 0.6334860253082533,
      "1": 0.6352634017901987
    },
    "19": {
      "-1": 0.640188856700022,
      "1": 0.6350304826950905
    }
  },
  "myopic": {},
  "refusal": {},
  "survival": {}
}