{
  "coordinate": {
    "6": {
      "-1": 0.3023754978623028,
      "1": 0.2980333729922728
    },
    "7": {
      "-1": 0.3016977807330328,
      "1": 0.2988162744498991
    },
    "8": {
      "-1": 0.30506128467508203,
      "1": 0.2949698560897541
    },
    "9": {
      "-1": 0.29335373343661153,
      "1": 0.30649638137670965
    },
    "10": {
      "-1": 0.2815071992715797,
      "1": 0.32932646843188224
    },
    "11": {
      "-1": 0.41720403328173616,
      "1": 0.5145822470931085
    },
    "12": {
      "-1": 0.24555834626737574,
      "1": 0.4649583079611756
    },
    "13": {
      "-1": 0.13841381176987413,
      "1": 0.5729112475193202
    },
    "14": {
      "-1": 0.3006022552683101,
      "1": 0.44694717993602867
    },
    "15": {
      "-1": 0.2769549987053112,
      "1": 0.39009571327566483
    },
    "16": {
      "-1": 0.27242978358745756,
      "1": 0.37369471154757206
    },
    "17": {
      "-1": 0.26474839104031106,
      "1": 0.3720028642803765
    },
    "18": {
      "-1": 0.2734842508993202,
      "1": 0.3259267014436181
    },
    "19": {
      "-1": 0.270355983190551,
      "1": 0.3334470943663161
    }
  },
  "corrigible": {
    "6": {
      "-1": 0.6367940968628184,
      "1": 0.6383315879119488
    },
    "7": {
      "-1": 0.6379621297670809,
      "1": 0.6371558970342682
    },
    "8": {
      "-1": 0.6345361196607258,
      "1": 0.6387045397834172
    },
    "9": {
      "-1": 0.6137510268054285,
      "1": 0.6555485159341071
    },
    "10": {
      "-1": 0.5732050736946032,
      "1": 0.6623571427070032
    },
    "11": {
      "-1": 0.33421290459881653,
      "1": 0.7570374873268644
    },
    "12": {
      "-1": 0.305195373013721,
      "1": 0.7657753313616001
    },
    "13": {
      "-1": 0.1803372942714491,
      "1": 0.8549490915180251
    },
    "14": {
      "-1": 0.419050544092837,
      "1": 0.7879706911363357
    },
    "15": {
      "-1": 0.4980160456711103,
      "1": 0.7375578678311031
    },
    "16": {
      "-1": 0.5380247282893887,
      "1": 0.6875262143664693
    },
    "17": {
      "-1": 0.5556434913791172,
      "1": 0.6812700056537482
    },
    "18": {
      "-1": 0.6297874886538246,
      "1": 0.6392338250660119
    },
    "19": {
      "-1": 0.6350234156668388,
      "1": 0.6376914550525831
    }
  },
  "myopic": {},
  "refusal": {},
  "survival": {}
}